weapon_id,display_name,category,support_grip_attachment_variants,has_support_grip_affecting_attachment,controller_release_supported,release_mechanism,is_open_bolt,has_separate_empty_hold_release,allows_repeated_trigger_fire,fire_mode,support_hand_near_main,review_status,notes
ending_knife,Ending knife,melee,none,false,false,none,false,false,false,physical_melee,false,hmd_pending,"Exact ending_knife and alt_ending_knife; ordinary physical carry/drop outside script control; rebuilt blade world binding; no ammo or muzzle. See vr-special-knives.md."
ending_knife_bloody,Bloody ending knife,melee,none,false,false,none,false,false,false,physical_melee,false,hmd_pending,"Exact ending_knife_bloody and native linked alt_ending_knife_bloody; preserves bloody material; ordinary carry/drop outside script control."
h2_cheatcommandoknife,Cheat commando knife,melee,none,false,false,none,false,false,false,physical_melee,false,hmd_pending,"Dedicated bayonet blade/grip; removes tag_clip sheath from tracked and world presentation; native full melee damage; no firearm feed."
m9,M9,handgun,tactical_knife|akimbo,true,true,magazine_button,false,true,true,semi,true,confirmed,"M9/92FS; the slide release can release the slide after last-round hold-open."
usp45,USP .45,handgun,tactical_knife|akimbo,true,true,magazine_button,false,true,true,semi,true,provisional,"Modeled on typical USP operation; H2 animations and bones still need verification."
magnum44,.44 Magnum,handgun,tactical_knife|akimbo,true,true,cylinder_release,false,false,true,double_action,true,provisional,"The controller release button opens the cylinder; the double-action trigger does not require manual cocking for each shot."
desert_eagle,Desert Eagle,handgun,tactical_knife|akimbo,true,true,magazine_button,false,true,true,semi,true,provisional,"The slide release can be pressed directly after last-round hold-open."
m1911,M1911 .45,handgun,none,false,true,magazine_button,false,true,true,semi,true,provisional,"Campaign use only; multiplayer attachment variants are not assumed."
g18,G18,machine_pistol,akimbo,true,true,magazine_button,false,true,true,auto,true,provisional,"The H2 model's lack of a physical selector lever does not affect VR interaction classification."
m93_raffica,M93 Raffica,machine_pistol,akimbo,true,true,magazine_button,false,true,true,burst,true,provisional,"Three-round burst is self-loading; the support hand stays near the primary hand by default."
tmp,TMP,machine_pistol,akimbo,true,true,magazine_button,false,true,true,auto,true,provisional,"The H2 weapon actually uses the B&T MP9 appearance."
pp2000,PP2000,machine_pistol,akimbo,true,true,magazine_release_control,false,false,true,auto,true,provisional,"No separate hold-open release is currently provided; use the charging handle to reset."
mp5k,MP5K,smg,akimbo,true,true,magazine_paddle_or_button,false,false,true,auto,false,provisional,"The magazine can be released with the controller button; no last-round hold-open."
ump45,UMP45,smg,akimbo,true,false,magazine_paddle,false,true,true,auto,false,provisional,"VR: physical extraction or forward spare-magazine paddle strike; follower hold-open and a separate receiver-catch slap. Controller release is disabled."
mini_uzi,Mini-Uzi,smg,akimbo,true,true,grip_magazine_button,true,false,true,auto,false,provisional,"Open-bolt operation; no chambered extra round or additional hold-open reset."
p90,P90,smg,akimbo,true,true,top_magazine_catch,false,false,true,auto,false,provisional,"Top-mounted horizontal magazine; manual removal is still required after release, with no drop-free behavior."
vector,Vector,smg,akimbo,true,true,magazine_button,false,true,true,auto,false,provisional,"Closed-bolt operation; left receiver slap uses the reviewed j_switch mesh and shared M4 release policy; headset fit pending."
ak47,AK-47,assault_rifle,gp25|masterkey,true,false,rock_and_lock_latch,false,false,true,auto,false,confirmed,"Rock-and-lock magazine; pressing the controller button alone must not detach it automatically."
m4a1,M4A1,assault_rifle,m203|masterkey,true,true,magazine_button,false,true,true,auto,false,confirmed,"The bolt-release button can release the bolt after last-round hold-open."
m16a4,M16A4,assault_rifle,m203|masterkey,true,true,magazine_button,false,true,true,burst,false,confirmed,"Three-round burst is self-loading; a separate bolt-release button is available."
famas,FAMAS,assault_rifle,m203|masterkey,true,true,magazine_release_lever,false,false,true,burst,false,provisional,"VR: physical extraction or rearward spare-magazine strike on j_reload_trigger; the controller releases only a valid bolt hold-open."
fal,FAL,battle_rifle,m203|masterkey,true,false,rock_and_lock_latch,false,true,true,semi,false,provisional,"The rock-and-lock magazine does not drop free on a button press; retain the separate bolt release."
scar_h,SCAR-H,battle_rifle,m203|masterkey|gripod,true,true,magazine_button,false,true,true,auto,false,confirmed,"Gripod changes the support-hand anchor; the H2 remaster explicitly depicts last-round hold-open and release."
tar21,TAR-21,assault_rifle,m203|masterkey,true,true,magazine_button,false,true,true,auto,false,provisional,"VR: physical extraction or forward/upward spare-magazine release strike; controller release operates only the valid bolt hold-open."
acr,ACR,assault_rifle,m203|masterkey,true,true,magazine_button,false,true,true,auto,false,provisional,"Treat the ambidextrous magazine and bolt controls as modern rifle controls."
f2000,F2000,assault_rifle,m203|masterkey,true,false,magazine_release_control,false,false,true,auto,false,provisional,"VR: physical extraction or upward spare-magazine strike on the forward release pad; charge after an empty reload. Controller release is disabled."
l86_lsw,L86 LSW,lmg,foregrip,true,true,magazine_release_button,false,true,true,auto,false,provisional,"Closed-bolt operation; modeled with the SA80 bolt-release control, pending confirmation against H2 animations."
rpd,RPD,lmg,foregrip,true,false,belt_drum_and_feed_cover,true,false,true,auto,false,confirmed,"Open-bolt, belt-fed operation; no button-operated magazine release or chambered extra round."
mg4,MG4,lmg,foregrip,true,false,belt_box_and_feed_cover,true,false,true,auto,false,confirmed,"Open-bolt, belt-fed operation; with an empty box, the handle can be pulled before replacing the belt."
aug_hbar,AUG HBAR,lmg,foregrip,true,false,magazine_release_button,false,true,true,auto,false,provisional,"VR: physical extraction or rearward/upward spare-magazine release strike; manually latch/lower or slap the charging handle. Controller release is disabled."
m240,M240,lmg,foregrip,true,false,belt_box_and_feed_cover,true,false,true,auto,false,confirmed,"Open-bolt, belt-fed operation; no chambered extra round or additional hold-open release."
intervention,Intervention,sniper_rifle,none,false,true,magazine_release_control,false,false,false,bolt_action,false,provisional,"The bolt must be cycled manually after each shot; cycling ejects an unfired chambered round."
barrett_50cal,Barrett .50cal,sniper_rifle,none,false,true,magazine_button,false,false,true,semi,false,provisional,"Semi-automatic; use the charging handle to reset after changing magazines, without assuming a separate hold-open release."
m14_ebr,M14 EBR,marksman_rifle,none,false,false,rock_and_lock_latch,false,true,true,semi,false,provisional,"The rock-and-lock magazine does not detach automatically on a button press; retain bolt-catch/release interaction."
dragunov,Dragunov,sniper_rifle,none,false,false,rock_and_lock_latch,false,false,true,semi,false,provisional,"AK-family rock-and-lock magazine; use the charging handle to reset after hold-open."
wa2000,WA2000,sniper_rifle,none,false,true,magazine_release_control,false,false,true,semi,false,provisional,"Controller magazine release is allowed; a separate hold-open release is not assumed for now."
aa12,AA-12,shotgun,foregrip,true,true,box_magazine_release,false,false,true,auto,false,provisional,"MW2CR explicitly depicts a closed-bolt version; box magazine, with charging-handle hold-open reset for now."
m1014,M1014,shotgun,foregrip,true,false,tube_magazine,false,true,true,semi,false,provisional,"The internal tube magazine has no magazine release; the bolt release can release hold-open."
spas12,SPAS-12,shotgun,foregrip,true,false,tube_magazine,false,false,false,pump_action,false,confirmed,"Uses pump cycling as depicted in H2; the fore-end must be operated after each shot."
striker,Striker,shotgun,foregrip,true,false,fixed_revolving_cylinder,false,false,true,double_action,false,provisional,"The fixed cylinder is loaded one round at a time; repeated trigger pulls cycle it without an extra manual action."
ranger,Ranger,shotgun,akimbo,true,true,break_open_latch,false,false,false,break_action,false,confirmed,"The controller release button opens the break action and ejects casings; close the breech after loading."
model_1887,Model 1887,shotgun,akimbo,true,false,tube_magazine_loading_gate,false,false,false,lever_action,false,confirmed,"The lever must be operated after each shot; no magazine-release button."
w1200,W1200,shotgun,none,false,false,tube_magazine,false,false,false,pump_action,false,confirmed,"The fore-end must be operated after each shot; the internal tube magazine is loaded one round at a time."
m79,M79 (Thumper),launcher,none,false,true,break_open_latch,false,false,false,break_action,false,confirmed,"M79 single-shot break action; the controller release button opens and ejects spent casing; close by wrist flick or auxiliary barrel grasp."
rpg7,RPG-7,launcher,none,false,false,manual_rocket_mount,false,false,false,single_shot_manual,false,confirmed,"No magazine or chambered-round concept; manually mount the next rocket after firing."
at4,AT4,launcher,none,false,false,disposable_launcher,false,false,false,single_shot_disposable,false,confirmed,"Native MW2 lock-on support; keep the spent launcher until manual discard. No reload."
javelin,Javelin,launcher,none,false,false,native_reload,false,false,false,single_shot_native_reload,false,confirmed,"Native ammunition, reload timing and ammo-add; no VR reserve refill or tube replacement. Reload pose hidden while native timing and lock rules remain active."
stinger,Stinger,launcher,none,false,false,disposable_launcher,false,false,false,single_shot_disposable,false,confirmed,"Native MW2 lock-on and single-use launcher; keep the spent launcher until manual discard. No reload."
m203,M203,underbarrel_module,none,false,true,sliding_breech_release,false,false,false,single_shot_break_action,false,confirmed,"Single-shot underbarrel module with state independent of the host rifle; release, slide open, and eject the casing."
gp25,GP-25,underbarrel_module,none,false,false,muzzle_loaded_caseless,false,false,false,single_shot_manual,false,provisional,"Muzzle-loaded caseless grenade launcher; no spent casing to eject and no magazine release."
masterkey,Masterkey,underbarrel_module,none,false,false,tube_magazine,false,false,false,pump_action,false,confirmed,"Underbarrel pump shotgun with independent tube magazine, chamber, and cycling state."
